"","1","2","3","4","5","6","7","8"
"""100"",",2,1,0,0,0,0,0,0
"""30"",",1,0,0,1,1,0,0,0
"""ability"",",1,0,2,2,0,1,1,0
"""access"",",4,2,2,0,2,1,2,0
"""add"",",1,1,0,0,5,6,4,0
"""additional"",",2,0,0,1,0,0,0,0
"""adjustments"",",1,0,0,1,0,0,0,0
"""alternative"",",1,1,1,1,1,0,0,0
"""arrangement"",",1,0,0,0,0,0,0,0
"""asn"",",1,0,0,0,0,0,0,0
"""audio"",",2,0,2,1,0,0,0,0
"""auditory"",",1,0,0,0,0,0,0,0
"""augmentative"",",1,1,1,1,1,0,0,0
"""authors"",",1,0,0,0,0,0,0,0
"""autism"",",1,1,1,1,1,0,0,0
"""automatic"",",1,0,0,0,0,0,0,0
"""background"",",1,0,0,0,1,1,0,0
"""bar"",",1,0,0,0,0,0,0,1
"""battery"",",1,0,0,0,0,0,0,0
"""bi"",",1,0,0,0,0,0,0,0
"""boards"",",2,0,0,0,14,0,0,0
"""breakthrough"",",1,0,0,0,0,0,0,0
"""browser"",",1,0,0,0,0,0,0,0
"""bt"",",1,0,0,0,0,0,0,0
"""caregivers"",",1,0,0,0,0,0,0,0
"""categorize"",",1,0,0,0,0,0,0,0
"""cell"",",1,0,0,0,1,0,0,0
"""cells"",",1,0,0,0,5,0,0,0
"""cerebral"",",1,1,1,0,0,0,0,0
"""chinese"",",1,0,0,0,0,0,0,0
"""choices"",",2,1,0,0,1,3,1,0
"""choose"",",1,0,1,3,1,1,1,0
"""collaborative"",",1,0,0,0,0,0,0,0
"""communicate"",",2,0,2,1,3,6,3,0
"""communication"",",3,5,3,3,14,7,6,2
"""communications"",",1,0,0,0,0,1,0,0
"""communities"",",1,0,0,0,0,0,0,0
"""community"",",1,1,0,1,3,1,0,0
"""complete"",",2,0,0,0,0,0,1,0
"""content"",",2,0,0,0,1,0,1,0
"""context"",",1,0,0,0,0,0,0,0
"""continued"",",1,0,0,0,1,0,0,0
"""continuous"",",1,0,0,0,0,0,0,0
"""cool"",",1,0,0,0,2,0,0,0
"""copy"",",2,0,0,0,1,0,1,0
"""core"",",1,3,0,0,0,0,0,0
"""create"",",2,0,2,1,3,0,2,0
"""creating"",",1,0,1,1,2,0,1,0
"""custom"",",1,0,0,3,0,0,0,0
"""customization"",",1,0,0,0,2,0,0,0
"""customize"",",4,0,0,0,3,2,1,0
"""decrease"",",1,0,0,0,0,0,0,0
"""desires"",",1,0,0,0,0,0,0,0
"""developers"",",1,0,0,0,0,0,0,0
"""device"",",3,0,0,1,6,10,4,0
"""diagnoses"",",1,0,0,0,0,0,0,0
"""difficulties"",",1,1,0,0,0,0,2,0
"""directly"",",1,1,0,0,0,0,0,0
"""download"",",2,0,0,0,0,0,0,0
"""drag"",",1,0,0,0,0,0,0,0
"""dramatically"",",1,0,0,0,0,0,0,0
"""drop"",",1,0,0,0,0,0,0,0
"""ease"",",1,0,0,0,0,1,0,0
"""easy"",",1,4,3,0,9,3,0,1
"""effective"",",1,0,0,0,0,0,0,0
"""email"",",1,0,1,1,0,0,0,0
"""enable"",",1,0,0,0,1,0,0,0
"""enables"",",1,0,0,1,0,0,0,0
"""encoding"",",1,0,0,0,0,0,0,0
"""english"",",1,1,0,2,0,0,0,0
"""enroll"",",1,0,0,0,0,0,0,0
"""erf"",",1,0,0,0,0,0,0,0
"""experimenting"",",1,0,0,0,0,0,0,0
"""express"",",1,0,0,0,1,0,0,0
"""facetime"",",1,0,0,0,0,0,0,0
"""families"")",1,0,0,0,0,0,0,0
"""family"",",3,0,0,0,4,0,0,0
"""features"",",3,0,2,1,3,0,0,0
"""files"",",1,0,0,5,0,0,0,0
"""fine"",",1,1,0,0,1,1,0,0
"""fitzgerald"",",1,0,0,0,0,0,0,0
"""free"",",1,0,0,0,3,0,0,0
"""french"",",1,1,0,0,0,0,0,0
"""friendly"",",1,0,0,0,1,0,0,0
"""function"",",1,0,0,0,0,0,0,1
"""generate"",",1,0,0,1,0,0,0,0
"""geo"",",2,0,0,0,0,0,0,0
"""global"",",1,0,0,0,0,0,0,0
"""goosen"",",1,0,0,0,0,0,0,0
"""gps"",",1,0,0,0,0,0,0,0
"""grammar"",",1,0,0,0,0,0,0,0
"""hard"",",1,0,0,0,0,0,1,0
"""hearing"",",1,0,0,0,0,1,0,0
"""hebrew"",",1,0,0,0,0,0,0,0
"""https"",",1,0,0,0,0,0,0,0
"""human"",",1,0,0,0,0,0,0,0
"""images"",",4,2,0,0,1,1,0,0
"""impair"",",1,0,0,0,0,0,0,0
"""impairment"",",1,0,0,0,0,0,0,0
"""impairments"",",1,1,0,0,0,0,0,0
"""include"",",1,0,0,1,0,0,1,0
"""included"",",1,1,0,2,0,1,0,0
"""including"",",3,1,0,1,2,0,0,0
"""information"",",1,0,0,0,3,0,4,0
"""innovative"",",1,0,0,0,0,0,0,0
"""integrate"",",2,0,0,0,0,0,0,0
"""interface"",",1,0,0,0,1,0,0,0
"""internet"",",1,0,0,0,2,0,0,0
"""itouch"",",1,0,0,0,0,0,0,0
"""itunesu"",",1,0,0,0,0,0,0,0
"""keyboards"",",1,0,0,0,0,0,0,0
"""kids"",",1,0,0,0,0,1,0,0
"""languages"",",2,2,1,0,0,0,0,0
"""libraries"",",2,0,0,0,0,0,0,0
"""library"",",1,2,1,1,1,1,0,0
"""life"",",1,0,0,0,0,3,1,0
"""limitations"",",1,0,0,0,0,0,1,0
"""line"",",1,0,0,0,2,0,0,0
"""lingual"",",1,0,0,0,0,0,0,0
"""link"",",1,0,0,0,0,0,0,0
"""lists"",",2,0,0,0,0,0,0,0
"""llc"",",1,0,0,0,0,0,0,0
"""location"",",1,1,0,2,0,0,0,0
"""locations"",",1,1,0,0,0,0,0,1
"""logging"",",1,0,0,0,0,0,0,0
"""losing"",",1,0,0,0,0,1,0,0
"""major"",",1,0,0,0,0,0,0,1
"""media"",",1,0,0,1,0,0,0,0
"""merge"",",1,0,0,0,0,0,0,0
"""minutes"",",1,0,0,0,1,0,2,0
"""mobile"",",1,0,2,0,1,0,0,0
"""modeling"",",1,1,0,0,0,0,0,0
"""moms"",",1,0,0,0,0,0,0,0
"""motor"",",1,2,0,0,0,1,0,1
"""multiple"",",1,0,1,0,2,1,0,1
"""offers"",",1,3,0,0,0,0,0,0
"""options"",",1,1,2,0,3,0,0,0
"""page"",",1,0,0,8,1,2,6,3
"""pages"",",2,0,3,5,0,0,1,1
"""palsy"",",1,1,1,0,0,0,0,0
"""pandora"",",1,0,0,0,0,0,0,0
"""parents"",",2,2,1,0,0,0,0,0
"""participate"",",1,0,0,0,0,0,0,0
"""patented"",",1,0,0,0,0,0,0,0
"""pdfs"",",1,0,0,0,0,0,0,0
"""people"",",2,3,0,0,3,4,0,0
"""photographs"",",1,0,0,0,0,0,0,0
"""photos"",",1,1,0,0,4,1,0,0
"""phrase"",",1,0,0,0,0,0,0,0
"""phrases"",",2,0,2,1,0,1,1,0
"""physical"",",1,0,0,0,2,0,0,0
"""popular"",",1,0,0,0,0,0,0,0
"""popup"",",3,0,0,0,0,0,0,0
"""portable"",",1,0,0,0,0,0,0,0
"""pre"",",1,1,0,0,0,0,0,0
"""predicted"",",1,0,0,0,0,0,0,0
"""previews"",",1,0,0,0,0,0,0,0
"""print"",",1,0,0,0,0,0,0,0
"""professional"",",1,0,0,0,2,0,0,0
"""programmed"",",2,1,0,2,2,1,0,0
"""promote"",",1,0,0,0,0,0,0,0
"""provide"",",1,0,0,0,0,0,0,0
"""public"",",1,0,0,0,1,0,0,0
"""purchase"",",1,0,0,0,1,2,0,1
"""quality"",",1,0,1,0,0,0,0,0
"""quick"",",1,0,11,0,1,0,9,0
"""recents"",",1,0,0,0,0,0,0,0
"""recorded"",",1,0,0,1,1,0,0,0
"""redo"",",1,0,0,0,0,0,0,0
"""refinement"",",1,0,0,0,0,0,0,0
"""relevant"",",1,0,0,0,0,0,0,0
"""reminders"",",2,0,0,0,0,0,0,0
"""repeat"",",1,0,0,0,0,3,0,0
"""represent"",",1,0,0,0,0,0,0,0
"""required"",",1,0,0,0,1,0,0,0
"""restore"",",1,0,0,0,0,0,0,0
"""running"",",1,0,0,0,0,0,0,0
"""savings"",",1,0,0,0,0,0,0,0
"""scanning"",",2,1,0,0,0,0,0,0
"""search"",",2,0,0,0,2,0,1,0
"""seeking"",",1,0,0,0,0,0,0,0
"""select"",",1,1,0,1,1,1,1,1
"""selections"",",1,0,0,0,0,0,0,0
"""share"",",1,0,1,1,0,0,0,0
"""sharing"",",1,0,0,1,0,0,0,0
"""simple"",",2,1,3,1,2,2,3,0
"""simultaneously"",",2,0,0,0,0,0,0,0
"""single"",",1,1,0,0,0,0,0,1
"""sizes"",",1,1,0,0,0,0,0,0
"""software"",",1,0,0,0,1,0,0,0
"""solution"",",3,0,2,1,0,0,0,0
"""spanish"",",1,1,0,0,0,0,0,0
"""specific"",",1,0,0,1,0,0,0,0
"""speech"",",1,2,5,1,7,10,4,2
"""stand"",",1,0,0,0,0,1,0,0
"""standard"",",2,1,0,0,0,0,0,0
"""submissions"",",1,0,0,0,0,0,0,0
"""support"",",4,2,0,0,3,2,0,0
"""supported"",",1,0,0,0,1,0,0,0
"""supports"",",2,1,0,0,0,0,0,0
"""switches"",",2,0,0,0,0,0,0,0
"""symbolstix"",",2,0,0,1,0,0,0,0
"""sync"",",1,0,0,0,0,0,0,0
"""syndrome"",",1,2,1,1,0,2,0,0
"""teachers"",",2,1,0,0,3,0,1,0
"""technology"",",1,0,2,1,0,0,0,0
"""text"",",1,0,2,5,1,0,3,0
"""texts"",",1,0,0,0,0,0,0,0
"""therapists"",",1,1,1,0,0,1,0,0
"""time"",",2,1,2,2,4,4,3,1
"""tool"",",1,1,0,0,6,0,1,0
"""trial"",",1,0,0,0,3,0,0,0
"""tts"",",1,0,0,0,0,0,0,0
"""tv"",",1,0,0,0,3,0,0,0
"""undo"",",1,0,0,0,0,0,0,0
"""university"",",1,0,0,0,0,0,0,0
"""user"",",3,1,0,2,6,0,2,2
"""users"",",2,5,1,3,3,1,0,2
"""variable"",",1,0,0,0,0,0,0,0
"""variant"",",1,0,0,0,0,0,0,0
"""variants"",",1,0,0,0,0,0,0,0
"""variety"",",1,0,0,0,1,0,0,0
"""version"",",1,0,0,0,3,0,0,0
"""video"",",1,0,0,1,1,0,0,0
"""videos"",",2,0,0,0,0,0,0,0
"""visual"",",2,0,0,0,2,0,1,0
"""voice"",",2,0,3,3,11,4,0,1
"""voices"",",1,3,1,1,0,3,0,0
"""wab"",",1,0,0,0,0,0,0,0
"""watch"",",1,0,0,0,1,0,0,0
"""web"",",1,0,0,0,6,0,0,0
"""winning"",",1,0,0,0,0,0,0,0
"""word"",",2,3,0,0,0,0,0,2
"""words"",",3,8,2,1,0,1,0,0
"""workspace"",",2,0,0,0,9,0,0,0
"""worry"",",2,0,0,0,0,0,0,0
"c(""award"",",1,0,0,0,0,0,0,0
"""200"",",0,1,0,0,0,0,0,0
"""23"",",0,1,0,0,0,0,0,0
"""25"",",0,1,0,0,0,0,0,0
"""400"",",0,1,0,0,0,0,0,0
"""7"",",0,1,0,0,0,1,1,0
"""80"",",0,1,0,0,0,0,0,0
"""accessed"",",0,1,0,0,0,0,0,0
"""accessibility"",",0,1,0,0,0,0,0,0
"""act"",",0,1,0,0,0,0,0,0
"""activities"",",0,1,0,0,4,1,0,0
"""adult"",",0,1,0,0,1,1,0,0
"""advanced"",",0,1,0,0,0,0,0,0
"""allowing"",",0,1,0,1,2,0,1,0
"""alphabetically"",",0,1,0,0,0,0,0,0
"""angelman"",",0,1,0,0,0,0,0,0
"""appearance"",",0,1,0,0,0,0,0,0
"""arranged"",",0,1,0,0,0,0,0,0
"""articles"",",0,2,0,0,0,0,0,0
"""assistiveware"",",0,3,0,0,0,2,0,0
"""based"",",0,2,0,0,2,0,0,0
"""basis"",",0,1,0,0,0,0,0,0
"""beginning"",",0,1,0,0,0,0,0,0
"""bilingual"",",0,2,0,0,0,0,0,0
"""breeze"",",0,1,0,0,1,0,0,0
"""build"",",0,1,1,0,0,0,0,0
"""built"",",0,1,1,2,0,0,0,0
"""challenges"",",0,1,0,0,1,0,1,0
"""children"",",0,2,0,0,0,0,1,0
"""classroom"",",0,1,0,0,6,0,1,0
"""communicators"",",0,1,0,0,0,0,0,0
"""connect"",",0,1,0,0,0,0,0,0
"""consistent"",",0,1,0,0,0,0,0,1
"""crescendo"",",0,4,0,0,0,0,0,0
"""customizable"",",0,3,0,1,0,0,0,0
"""customizing"",",0,1,0,1,0,0,0,0
"""days"",",0,1,0,0,0,0,2,0
"""develop"",",0,1,0,0,0,0,0,0
"""development"",",0,1,0,0,0,0,0,0
"""downloadable"",",0,1,0,0,0,0,0,0
"""dutch"",",0,1,0,0,0,0,0,0
"""easily"",",0,1,1,1,2,0,1,0
"""editing"",",0,1,0,0,0,0,0,0
"""effectively"",",0,1,1,0,0,0,0,0
"""expands"",",0,1,0,0,0,0,0,0
"""experienced"",",0,1,0,0,0,0,0,0
"""facebook"",",0,1,0,1,1,1,0,0
"""featuring"",",0,1,0,0,0,0,0,0
"""finally"",",0,1,0,0,1,2,0,0
"""fly"",",0,1,0,0,0,0,0,0
"""fringe"",",0,1,0,0,0,0,0,0
"""gold"",",0,1,0,0,0,0,0,0
"""gradually"",",0,1,0,0,0,1,0,0
"""grid"",",0,2,0,1,0,3,0,0
"""grow"",",0,3,0,0,0,0,0,0
"""hand"",",0,1,0,0,0,0,1,0
"""happy"",",0,1,0,0,1,1,0,0
"""helping"",",0,2,1,0,0,1,0,0
"""includes"",",0,3,1,1,0,0,0,0
"""keyboard"",",0,2,0,0,0,0,0,0
"""language"",",0,5,1,0,1,0,1,0
"""learn"",",0,3,0,0,3,0,1,0
"""learning"",",0,1,0,0,4,1,0,0
"""levels"",",0,1,0,0,0,0,0,2
"""limit"",",0,1,0,0,0,0,0,0
"""natural"",",0,2,0,2,0,1,1,0
"""online"",",0,1,0,1,1,0,0,0
"""person"",",0,1,0,2,0,0,0,1
"""photo"",",0,1,0,2,1,0,0,0
"""pictures"",",0,1,1,0,3,6,0,1
"""planning"",",0,1,0,0,0,0,0,0
"""powerful"",",0,1,0,0,1,0,0,0
"""practices"",",0,1,0,0,0,0,0,0
"""prediction"",",0,1,0,0,0,0,0,0
"""professionals"",",0,1,0,0,1,0,0,0
"""progressive"",",0,1,0,0,0,1,0,0
"""questions"",",0,1,0,0,3,1,1,0
"""quickly"",",0,1,0,0,4,1,0,0
"""qwerty"",",0,1,0,0,0,0,0,0
"""reader"",",0,1,0,0,0,0,0,0
"""real"",",0,1,0,0,0,0,0,0
"""recognize"",",0,1,0,0,1,0,0,0
"""region"",",0,1,0,0,0,0,0,0
"""research"",",0,1,0,0,0,0,0,0
"""resources"",",0,1,0,0,0,0,0,0
"""revealed"",",0,1,0,0,0,0,0,0
"""rounds"",",0,1,0,0,0,0,0,0
"""screen"",",0,1,1,1,1,0,1,1
"""seamless"",",0,1,0,0,0,0,0,0
"""section"",",0,1,0,0,0,0,0,0
"""selecting"",",0,1,0,0,0,0,0,0
"""sentences"",",0,1,0,0,0,0,2,0
"""settings"",",0,1,0,0,0,0,1,0
"""skills"",",0,2,0,0,0,0,2,0
"""solutions"",",0,1,0,0,0,0,0,0
"""sounding"",",0,2,0,0,0,0,0,0
"""speak"",",0,3,1,3,0,3,0,1
"""step"",",0,3,0,0,0,0,0,0
"""studies"",",0,1,0,0,0,0,0,0
"""suggestions"",",0,1,1,0,0,0,0,0
"""supporting"",",0,1,0,0,0,0,0,0
"""switch"",",0,2,0,0,0,0,1,0
"""symbols"",",0,1,2,2,0,0,0,0
"""system"",",0,1,0,0,1,0,0,0
"""taking"",",0,1,0,0,0,1,0,0
"""talk"",",0,1,10,0,7,3,8,1
"""tapping"",",0,1,0,0,0,0,0,0
"""teaching"",",0,1,0,0,1,0,0,0
"""team"",",0,1,0,0,1,0,0,0
"""type"",",0,4,1,0,1,0,0,0
"""typing"",",0,2,1,0,2,0,0,0
"""typists"",",0,1,0,0,0,0,0,0
"""understand"",",0,1,0,0,1,1,0,0
"""understood"",",0,1,0,0,0,0,0,0
"""utilized"",",0,1,0,0,0,1,0,0
"""view"",",0,1,0,0,0,0,0,0
"""vision"",",0,1,0,0,0,0,0,0
"""vocabulary"",",0,5,0,1,0,0,0,3
"""voiceover"",",0,1,0,0,0,0,0,0
"""website"")",0,1,0,0,0,0,0,0
"""website"",",0,1,0,0,1,0,0,0
"""week"",",0,1,0,0,0,0,0,0
"""world"",",0,1,1,0,0,1,0,0
"c(""tap"",",0,1,0,0,0,0,0,0
"""11"",",0,0,1,0,0,1,0,0
"""24"",",0,0,1,0,0,0,0,0
"""50"",",0,0,1,0,0,0,0,0
"""8"",",0,0,1,0,0,0,1,0
"""accessible"",",0,0,1,0,0,0,0,0
"""advice"",",0,0,1,0,0,1,0,0
"""affordable"",",0,0,3,0,2,1,0,0
"""apraxia"",",0,0,1,1,0,0,0,0
"""assistive"",",0,0,1,1,1,0,0,0
"""backup"",",0,0,1,0,0,0,0,0
"""buttons"",",0,0,1,10,0,0,0,2
"""capable"",",0,0,1,0,0,0,0,0
"""categories"",",0,0,2,0,0,0,2,0
"""challenged"",",0,0,1,0,0,0,1,0
"""change"",",0,0,3,1,0,1,2,0
"""combine"",",0,0,1,0,0,0,0,0
"""committed"",",0,0,1,0,0,0,0,0
"""company"",",0,0,1,0,1,0,0,0
"""completely"",",0,0,1,0,0,0,1,0
"""complicated"",",0,0,1,0,0,0,0,0
"""continual"",",0,0,1,0,0,0,0,0
"""cost"",",0,0,1,0,1,1,0,1
"""design"",",0,0,2,0,0,0,0,0
"""designed"",",0,0,2,1,1,0,0,0
"""developed"",",0,0,3,0,0,0,0,0
"""devices"",",0,0,2,1,1,0,1,1
"""difference"",",0,0,1,0,0,0,0,0
"""digital"",",0,0,2,0,0,0,0,0
"""dream"",",0,0,1,0,1,0,0,0
"""dreamed"",",0,0,1,0,0,0,0,0
"""educators"",",0,0,2,0,0,0,0,0
"""engineers"",",0,0,1,0,0,0,0,0
"""environment"",",0,0,1,1,3,0,0,0
"""equip"",",0,0,1,0,0,0,0,0
"""ewell"",",0,0,1,0,0,0,0,0
"""excited"",",0,0,1,0,1,0,0,0
"""expand"",",0,0,1,1,0,0,0,0
"""expensive"",",0,0,1,1,2,1,0,0
"""experts"",",0,0,1,0,0,0,0,0
"""favorite"",",0,0,1,0,2,1,0,0
"""feature"",",0,0,1,3,0,0,0,0
"""fee"",",0,0,1,0,1,0,0,0
"""feedback"",",0,0,1,0,1,0,0,0
"""female"",",0,0,1,0,0,0,0,0
"""flexible"",",0,0,3,0,0,0,0,0
"""founded"",",0,0,1,0,0,0,0,0
"""fun"",",0,0,1,0,1,0,0,0
"""garage"",",0,0,2,0,0,0,0,0
"""giving"",",0,0,2,0,2,1,0,0
"""goal"",",0,0,1,0,0,0,0,0
"""guidance"",",0,0,1,0,0,0,0,0
"""home"",",0,0,1,0,3,1,0,3
"""huge"",",0,0,2,0,1,0,1,0
"""icons"",",0,0,1,0,1,3,0,0
"""icons8"",",0,0,1,0,0,0,0,0
"""improve"",",0,0,1,0,0,0,0,0
"""improvement"",",0,0,1,0,0,0,0,0
"""individuals"",",0,0,3,3,1,0,0,0
"""keeping"",",0,0,1,1,0,0,0,0
"""key"",",0,0,1,0,0,0,0,0
"""learns"",",0,0,1,0,0,0,0,0
"""licensed"",",0,0,1,0,0,0,0,0
"""lives"",",0,0,2,0,0,0,0,0
"""male"",",0,0,1,0,0,0,0,0
"""mentality"",",0,0,1,0,0,0,0,0
"""mind"",",0,0,1,0,0,0,1,0
"""mindset"",",0,0,1,0,0,0,0,0
"""mission"",",0,0,1,0,0,0,0,0
"""mode"",",0,0,1,0,1,1,0,0
"""navigate"",",0,0,1,3,0,1,2,0
"""navigation"",",0,0,1,0,0,0,0,1
"""origin"",",0,0,1,0,0,0,0,0
"""outcome"",",0,0,1,0,0,0,0,0
"""pack"",",0,0,1,0,0,0,0,0
"""pathologist"",",0,0,1,0,1,0,1,0
"""peoples"",",0,0,1,0,0,0,0,0
"""personal"",",0,0,3,0,1,0,0,0
"""personalize"",",0,0,2,0,0,0,0,0
"""profiles"",",0,0,4,0,0,0,0,0
"""providing"",",0,0,1,0,1,0,1,0
"""result"",",0,0,1,0,0,0,0,0
"""russ"",",0,0,1,0,0,0,0,0
"""save"",",0,0,1,0,1,0,2,0
"""school"",",0,0,1,0,5,1,0,0
"""scribbler"",",0,0,2,0,0,0,0,0
"""sentence"",",0,0,1,0,0,0,0,1
"""set"",",0,0,1,1,4,0,0,0
"""setting"",",0,0,1,0,1,1,0,0
"""setups"",",0,0,1,0,0,0,0,0
"""silence"",",0,0,1,0,0,0,0,0
"""silicon"",",0,0,1,0,0,0,0,0
"""simplicity"",",0,0,1,0,1,0,0,0
"""smarty"",",0,0,1,0,0,0,0,0
"""speak"")",0,0,1,0,0,0,0,0
"""special"",",0,0,1,0,1,0,1,1
"""spend"",",0,0,2,0,0,0,0,0
"""story"",",0,0,1,0,0,0,0,0
"""strip"",",0,0,1,0,0,0,0,1
"""talking"",",0,0,1,0,0,0,0,0
"""therapy"",",0,0,1,0,0,0,0,0
"""touch"",",0,0,1,1,2,0,0,0
"""transfer"",",0,0,1,0,0,0,0,0
"""typical"",",0,0,1,0,0,0,0,0
"""typifies"",",0,0,1,0,0,0,0,0
"""unlimited"",",0,0,1,0,0,0,0,0
"""valley"",",0,0,1,0,0,0,0,0
"""verbal"",",0,0,2,0,3,3,0,1
"""verbally"",",0,0,1,0,0,0,1,0
"c(""communicate"",",0,0,1,0,0,0,0,0
"""15"",",0,0,0,1,0,0,0,0
"""actions"",",0,0,0,2,0,0,0,0
"""activate"",",0,0,0,1,0,0,0,0
"""activation"",",0,0,0,1,0,0,0,0
"""adjusted"",",0,0,0,1,0,0,0,0
"""affect"",",0,0,0,1,0,0,0,0
"""als"",",0,0,0,1,0,0,0,0
"""applications"",",0,0,0,2,0,0,0,0
"""automatically"",",0,0,0,1,0,0,0,1
"""borders"",",0,0,0,1,0,0,0,0
"""british"",",0,0,0,1,0,0,0,0
"""button"",",0,0,0,6,0,1,6,5
"""camera"",",0,0,0,1,1,0,0,1
"""capabilities"",",0,0,0,1,0,0,0,0
"""category"",",0,0,0,1,0,0,6,0
"""colors"",",0,0,0,1,0,0,0,0
"""computer"",",0,0,0,1,1,0,0,0
"""conditions"",",0,0,0,1,0,0,0,0
"""configured"",",0,0,0,1,0,0,0,0
"""copied"",",0,0,0,4,0,0,0,0
"""customized"",",0,0,0,1,1,1,0,0
"""dedicated"",",0,0,0,1,0,0,0,0
"""desired"",",0,0,0,1,0,0,1,0
"""difficulty"",",0,0,0,1,0,0,0,0
"""display"",",0,0,0,1,0,0,0,1
"""divided"",",0,0,0,1,0,0,0,0
"""dragging"",",0,0,0,1,0,0,0,0
"""dwell"",",0,0,0,1,0,0,0,0
"""essence"",",0,0,0,1,0,0,0,0
"""exported"",",0,0,0,1,0,0,0,0
"""featured"",",0,0,0,1,0,0,0,0
"""file"",",0,0,0,1,0,0,0,0
"""fill"",",0,0,0,1,1,0,0,0
"""fits"",",0,0,0,2,0,0,0,0
"""fonts"",",0,0,0,1,0,0,0,0
"""generated"",",0,0,0,2,0,0,0,0
"""gestures"",",0,0,0,1,0,0,0,0
"""image"",",0,0,0,1,1,0,0,1
"""imported"",",0,0,0,1,0,0,0,0
"""individual"",",0,0,0,1,0,0,0,0
"""ishare"",",0,0,0,1,0,0,0,0
"""layout"",",0,0,0,1,0,1,1,3
"""letters"",",0,0,0,1,0,0,0,0
"""linked"",",0,0,0,1,0,0,0,0
"""loud"",",0,0,0,1,0,1,0,0
"""measures"",",0,0,0,1,0,0,0,0
"""meet"",",0,0,0,1,1,0,0,0
"""message"",",0,0,0,6,0,0,0,1
"""messages"",",0,0,0,4,0,1,0,0
"""modified"",",0,0,0,1,0,0,0,0
"""multichat"",",0,0,0,1,0,0,0,0
"""music"",",0,0,0,1,1,0,0,0
"""noisy"",",0,0,0,1,0,0,0,0
"""note"",",0,0,0,1,1,0,0,0
"""pasted"",",0,0,0,2,0,0,0,0
"""personality"",",0,0,0,1,0,0,0,0
"""play"",",0,0,0,1,0,0,0,0
"""playing"",",0,0,0,1,0,1,0,0
"""posted"",",0,0,0,1,0,0,0,0
"""previously"",",0,0,0,1,0,0,0,0
"""primary"",",0,0,0,1,0,0,0,0
"""program"",",0,0,0,1,5,4,2,1
"""protect"",",0,0,0,1,0,0,0,0
"""provided"",",0,0,0,1,1,0,0,0
"""purchase"")",0,0,0,1,0,0,0,0
"""purchases"",",0,0,0,1,0,0,0,0
"""push"",",0,0,0,1,1,0,0,0
"""rearranged"",",0,0,0,1,0,0,0,0
"""release"",",0,0,0,2,0,0,0,0
"""roll"",",0,0,0,1,0,0,0,1
"""safe"",",0,0,0,1,0,0,0,0
"""send"",",0,0,0,1,0,0,0,0
"""service"",",0,0,0,1,3,0,0,1
"""sets"",",0,0,0,6,1,0,0,0
"""shared"",",0,0,0,1,0,0,0,0
"""silently"",",0,0,0,1,0,0,0,0
"""simply"",",0,0,0,2,2,0,0,0
"""spelling"",",0,0,0,1,0,0,0,0
"""spoken"",",0,0,0,2,0,0,0,0
"""store"",",0,0,0,1,0,0,0,0
"""stroke"",",0,0,0,1,0,0,0,0
"""styling"",",0,0,0,1,0,0,0,0
"""subscribe"",",0,0,0,1,0,0,0,0
"""synthesized"",",0,0,0,1,0,0,0,0
"""synthesizer"",",0,0,0,1,0,0,0,0
"""targets"",",0,0,0,1,0,0,0,0
"""tilt"",",0,0,0,1,0,0,0,0
"""timing"",",0,0,0,1,0,0,0,0
"""tumblr"",",0,0,0,1,0,0,0,0
"""twitter"",",0,0,0,1,0,0,0,0
"""unique"",",0,0,0,1,1,0,0,0
"""vocabpc"",",0,0,0,1,0,0,0,0
"""volume"",",0,0,0,1,0,0,0,0
"""wordpower"",",0,0,0,1,0,0,0,0
"c(""hd"",",0,0,0,1,0,0,0,0
"""1"",",0,0,0,0,2,0,1,1
"""2000"",",0,0,0,0,1,0,0,0
"""2016"",",0,0,0,0,1,0,0,0
"""26"",",0,0,0,0,1,0,0,0
"""4"",",0,0,0,0,2,0,1,0
"""6"",",0,0,0,0,1,1,1,0
"""acapela"",",0,0,0,0,1,0,0,0
"""account"",",0,0,0,0,1,0,0,0
"""achievement"",",0,0,0,0,1,0,0,0
"""actual"",",0,0,0,0,1,0,0,0
"""added"",",0,0,0,0,1,3,1,0
"""adding"",",0,0,0,0,3,0,3,0
"""additionally"",",0,0,0,0,1,0,0,0
"""affable"",",0,0,0,0,1,0,0,0
"""afford"",",0,0,0,0,2,0,0,0
"""affordability"",",0,0,0,0,1,0,0,0
"""age"",",0,0,0,0,1,1,0,0
"""ago"",",0,0,0,0,1,2,0,0
"""album"",",0,0,0,0,1,1,0,0
"""alternate"",",0,0,0,0,2,0,0,0
"""amazing"",",0,0,0,0,5,0,0,0
"""answer"",",0,0,0,0,2,0,0,0
"""answered"",",0,0,0,0,1,0,0,0
"""answers"",",0,0,0,0,1,0,0,0
"""anxious"",",0,0,0,0,1,0,0,0
"""aphasia"",",0,0,0,0,1,0,0,0
"""appeared"",",0,0,0,0,1,0,0,0
"""assessing"",",0,0,0,0,1,0,0,0
"""assessment"",",0,0,0,0,2,0,0,0
"""associate"",",0,0,0,0,1,0,0,0
"""attends"",",0,0,0,0,1,0,0,0
"""attention"",",0,0,0,0,1,0,0,0
"""attribuites"",",0,0,0,0,1,0,0,0
"""author"",",0,0,0,0,1,0,0,0
"""authoriing"",",0,0,0,0,1,0,0,0
"""authoring"",",0,0,0,0,5,0,0,0
"""bank"",",0,0,0,0,1,0,0,0
"""barely"",",0,0,0,0,1,0,0,0
"""basics"",",0,0,0,0,1,0,0,0
"""bathroom"",",0,0,0,0,1,0,0,0
"""beauty"",",0,0,0,0,1,0,0,0
"""benefit"",",0,0,0,0,1,0,0,0
"""bick"",",0,0,0,0,2,0,0,0
"""bit"",",0,0,0,0,2,0,0,0
"""black"",",0,0,0,0,1,0,0,0
"""blinks"",",0,0,0,0,1,0,0,0
"""board"",",0,0,0,0,8,0,0,0
"""boaring"",",0,0,0,0,1,0,0,0
"""body"",",0,0,0,0,1,1,0,0
"""brand"",",0,0,0,0,2,0,0,0
"""buggy"",",0,0,0,0,1,0,0,0
"""busy"",",0,0,0,0,1,0,0,0
"""buy"",",0,0,0,0,1,1,0,0
"""cameraman"",",0,0,0,0,1,0,0,0
"""care"",",0,0,0,0,1,1,0,0
"""certificate"",",0,0,0,0,1,0,0,0
"""changing"",",0,0,0,0,2,1,0,0
"""child"",",0,0,0,0,1,1,2,0
"""choice"",",0,0,0,0,2,0,0,0
"""circuit"",",0,0,0,0,1,0,0,0
"""class"",",0,0,0,0,4,0,0,0
"""clean"",",0,0,0,0,2,0,0,0
"""click"",",0,0,0,0,1,0,0,0
"""clicking"",",0,0,0,0,1,0,0,0
"""client"",",0,0,0,0,2,0,0,0
"""clients"",",0,0,0,0,3,0,0,0
"""clipart"",",0,0,0,0,1,0,0,0
"""closed"",",0,0,0,0,1,0,0,0
"""cloud"",",0,0,0,0,1,0,0,0
"""cognitive"",",0,0,0,0,2,1,0,0
"""colleagues"",",0,0,0,0,1,0,0,0
"""comfortable"",",0,0,0,0,1,0,0,0
"""comments"",",0,0,0,0,1,0,0,0
"""commercial"",",0,0,0,0,1,0,0,0
"""complaint"",",0,0,0,0,1,0,0,0
"""compliment"",",0,0,0,0,1,0,0,0
"""conceived"",",0,0,0,0,1,0,0,0
"""concept"",",0,0,0,0,2,0,0,0
"""condition"",",0,0,0,0,1,0,0,0
"""contact"",",0,0,0,0,1,0,0,0
"""continue"",",0,0,0,0,1,0,0,1
"""continues"",",0,0,0,0,1,0,0,0
"""control"",",0,0,0,0,1,0,0,0
"""conversation"",",0,0,0,0,1,0,1,0
"""convince"",",0,0,0,0,1,0,0,0
"""copyright"",",0,0,0,0,1,0,0,0
"""costs"",",0,0,0,0,1,0,0,0
"""counting"",",0,0,0,0,1,0,0,0
"""countless"",",0,0,0,0,2,0,0,0
"""couple"",",0,0,0,0,2,0,0,0
"""created"",",0,0,0,0,1,0,2,0
"""creator"",",0,0,0,0,1,0,0,0
"""curriculum"",",0,0,0,0,2,0,0,0
"""curve"",",0,0,0,0,2,0,0,0
"""customer"",",0,0,0,0,3,0,0,1
"""customizations"",",0,0,0,0,1,0,0,0
"""dad"",",0,0,0,0,3,1,0,0
"""dangerous"",",0,0,0,0,1,0,0,0
"""data"",",0,0,0,0,2,0,0,0
"""dayhab"",",0,0,0,0,1,0,0,0
"""degenerative"",",0,0,0,0,1,0,0,0
"""delete"",",0,0,0,0,2,1,4,0
"""deleting"",",0,0,0,0,1,0,0,1
"""detailed"",",0,0,0,0,1,0,0,0
"""developing"",",0,0,0,0,2,0,0,0
"""dining"",",0,0,0,0,1,0,0,0
"""disabilities"",",0,0,0,0,7,1,0,0
"""disapears"",",0,0,0,0,1,0,0,0
"""diverse"",",0,0,0,0,1,0,0,0
"""djs"",",0,0,0,0,1,0,0,0
"""doors"",",0,0,0,0,2,0,0,0
"""downloaded"",",0,0,0,0,2,0,0,0
"""downsides"",",0,0,0,0,1,0,0,0
"""drawings"",",0,0,0,0,2,0,0,0
"""dropbox"",",0,0,0,0,1,0,0,0
"""dropped"",",0,0,0,0,1,0,0,0
"""dwelling"",",0,0,0,0,1,0,0,0
"""earned"",",0,0,0,0,1,0,0,0
"""easier"")",0,0,0,0,1,0,0,0
"""easier"",",0,0,0,0,4,0,2,1
"""ed"",",0,0,0,0,1,0,0,0
"""edit"",",0,0,0,0,2,0,2,0
"""education"",",0,0,0,0,1,0,0,1
"""encountered"",",0,0,0,0,1,0,0,0
"""endless"",",0,0,0,0,1,0,0,0
"""engages"",",0,0,0,0,2,0,0,0
"""enjoys"",",0,0,0,0,1,0,0,0
"""entities"",",0,0,0,0,1,0,0,0
"""evaluate"",",0,0,0,0,1,0,0,0
"""event"",",0,0,0,0,1,0,0,0
"""examble"",",0,0,0,0,1,0,0,0
"""excellent"",",0,0,0,0,2,0,0,0
"""experimented"",",0,0,0,0,1,0,0,0
"""explore"",",0,0,0,0,1,0,0,0
"""extra"",",0,0,0,0,1,0,1,1
"""extremely"",",0,0,0,0,1,1,0,0
"""eye"",",0,0,0,0,3,0,0,0
"""eyes"",",0,0,0,0,1,1,0,0
"""facilitated"",",0,0,0,0,1,0,0,0
"""facilitator's"",",0,0,0,0,1,0,0,0
"""facilities"",",0,0,0,0,1,0,0,0
"""families"",",0,0,0,0,1,0,0,0
"""fast"",",0,0,0,0,1,1,0,0
"""faster"",",0,0,0,0,2,0,1,0
"""feelings"",",0,0,0,0,1,0,0,0
"""field"",",0,0,0,0,2,0,1,0
"""figure"",",0,0,0,0,1,3,0,0
"""finger"",",0,0,0,0,1,0,0,0
"""fit"",",0,0,0,0,2,0,0,0
"""fixed"",",0,0,0,0,1,0,0,0
"""flat"",",0,0,0,0,1,0,0,0
"""flipping"",",0,0,0,0,1,0,0,0
"""follow"",",0,0,0,0,1,0,0,0
"""foods"",",0,0,0,0,1,1,0,0
"""form"",",0,0,0,0,1,0,0,0
"""forward"",",0,0,0,0,1,0,0,0
"""found"",",0,0,0,0,5,2,0,0
"""framework"",",0,0,0,0,1,0,0,0
"""friends"",",0,0,0,0,2,1,2,0
"""future"",",0,0,0,0,1,1,0,0
"""galore"",",0,0,0,0,1,0,0,0
"""gaze"",",0,0,0,0,2,0,0,0
"""goals"",",0,0,0,0,1,0,0,0
"""granddaughter's"",",0,0,0,0,1,0,0,0
"""grandson"",",0,0,0,0,1,0,0,0
"""greet"",",0,0,0,0,1,0,0,0
"""guide"",",0,0,0,0,1,0,0,0
"""guys"",",0,0,0,0,2,0,0,0
"""hate"",",0,0,0,0,1,0,0,0
"""hear"",",0,0,0,0,1,0,1,0
"""held"",",0,0,0,0,1,0,0,0
"""helped"",",0,0,0,0,1,4,0,0
"""helpfully"",",0,0,0,0,1,0,0,0
"""hierarchy"",",0,0,0,0,2,0,0,0
"""highly"",",0,0,0,0,3,4,0,0
"""homework"",",0,0,0,0,1,0,0,0
"""hours"",",0,0,0,0,2,0,0,0
"""idea"",",0,0,0,0,2,0,0,0
"""ideas"",",0,0,0,0,1,0,0,0
"""iep"",",0,0,0,0,1,0,0,0
"""imagine"",",0,0,0,0,1,0,0,0
"""immediately"",",0,0,0,0,1,0,0,0
"""implented"",",0,0,0,0,1,0,0,0
"""implimentation"",",0,0,0,0,1,0,0,0
"""import"",",0,0,0,0,1,0,0,0
"""importance"",",0,0,0,0,1,0,0,0
"""importing"",",0,0,0,0,1,0,0,0
"""incorrect"",",0,0,0,0,1,0,0,0
"""incredibly"",",0,0,0,0,1,0,0,1
"""independent"",",0,0,0,0,2,0,0,0
"""independently"",",0,0,0,0,1,0,2,0
"""individualized"",",0,0,0,0,1,0,0,0
"""inexpensive"",",0,0,0,0,1,0,0,0
"""infantile"",",0,0,0,0,1,0,0,0
"""infrared"",",0,0,0,0,1,0,0,0
"""initial"",",0,0,0,0,1,0,0,0
"""installed"",",0,0,0,0,1,0,0,0
"""instantly"",",0,0,0,0,2,0,0,0
"""instructions"",",0,0,0,0,2,0,0,0
"""intellectual"",",0,0,0,0,1,0,0,0
"""intelligently"",",0,0,0,0,1,0,0,0
"""interact"",",0,0,0,0,1,0,0,0
"""intuitive"",",0,0,0,0,1,0,0,2
"""investing"",",0,0,0,0,1,0,0,0
"""ipads"",",0,0,0,0,1,0,0,0
"""ironic"",",0,0,0,0,1,0,0,0
"""issue"",",0,0,0,0,2,1,0,0
"""items"",",0,0,0,0,1,1,0,0
"""jumped"",",0,0,0,0,1,0,0,0
"""june"",",0,0,0,0,1,0,0,0
"""kevin"",",0,0,0,0,1,0,0,0
"""keyword"",",0,0,0,0,1,0,0,0
"""layed"",",0,0,0,0,1,0,0,0
"""layers"",",0,0,0,0,1,0,0,0
"""lcd"",",0,0,0,0,2,0,0,0
"""learners"",",0,0,0,0,1,1,0,0
"""level"",",0,0,0,0,3,0,0,1
"""light"",",0,0,0,0,1,0,0,0
"""lighting"",",0,0,0,0,1,0,0,0
"""lightning"",",0,0,0,0,1,0,0,0
"""liking"",",0,0,0,0,1,0,0,0
"""limited"",",0,0,0,0,1,0,0,1
"""listen"",",0,0,0,0,1,0,0,1
"""listens"",",0,0,0,0,1,1,0,0
"""lite"",",0,0,0,0,2,0,0,0
"""locate"",",0,0,0,0,1,0,0,0
"""log"",",0,0,0,0,1,0,0,0
"""logged"",",0,0,0,0,1,0,0,0
"""looked"",",0,0,0,0,1,0,0,0
"""loop"",",0,0,0,0,1,0,0,0
"""lots"",",0,0,0,0,1,0,0,1
"""love"",",0,0,0,0,9,4,1,1
"""loved"",",0,0,0,0,1,1,0,0
"""loves"",",0,0,0,0,1,1,0,0
"""lowest"",",0,0,0,0,1,0,0,0
"""luck"",",0,0,0,0,1,0,0,0
"""magical"",",0,0,0,0,1,0,0,0
"""main"",",0,0,0,0,1,0,1,1
"""makes"",",0,0,0,0,2,0,0,1
"""manual"",",0,0,0,0,1,0,0,0
"""mastered"",",0,0,0,0,1,0,0,0
"""mates"",",0,0,0,0,1,0,0,0
"""matter"",",0,0,0,0,1,0,0,0
"""mc"",",0,0,0,0,2,0,0,0
"""menu"",",0,0,0,0,1,0,0,0
"""mimic"",",0,0,0,0,2,0,0,0
"""mirroring"",",0,0,0,0,1,0,0,0
"""miss"",",0,0,0,0,1,0,0,0
"""missing"",",0,0,0,0,1,0,0,0
"""mobile's"",",0,0,0,0,1,0,0,0
"""modify"",",0,0,0,0,1,0,0,0
"""mom"",",0,0,0,0,1,1,0,0
"""money"",",0,0,0,0,2,0,0,0
"""month"",",0,0,0,0,1,0,0,0
"""mouse"",",0,0,0,0,1,0,0,0
"""movement"",",0,0,0,0,1,0,0,0
"""movies"",",0,0,0,0,2,0,0,0
"""myriads"",",0,0,0,0,1,0,0,0
"""naturally"",",0,0,0,0,1,0,0,1
"""nice"",",0,0,0,0,1,0,0,0
"""nonverbal"",",0,0,0,0,1,2,0,1
"""noticed"",",0,0,0,0,1,0,0,0
"""noverbal"",",0,0,0,0,1,0,0,0
"""novice"",",0,0,0,0,1,0,0,0
"""opinion"",",0,0,0,0,1,0,0,0
"""option"",",0,0,0,0,3,0,8,0
"""oral"",",0,0,0,0,1,0,0,0
"""originally"",",0,0,0,0,1,1,0,0
"""package"",",0,0,0,0,1,0,0,0
"""pain"",",0,0,0,0,1,0,1,0
"""paraeducator"",",0,0,0,0,1,0,0,0
"""password"",",0,0,0,0,3,0,0,0
"""past"",",0,0,0,0,1,1,0,0
"""paste"",",0,0,0,0,1,0,1,0
"""pasting"",",0,0,0,0,1,0,0,0
"""pathologists"",",0,0,0,0,1,0,0,0
"""patient"",",0,0,0,0,2,0,0,0
"""patients"",",0,0,0,0,4,0,0,0
"""percent"",",0,0,0,0,1,0,0,0
"""perfect"",",0,0,0,0,3,1,0,0
"""perfectly"",",0,0,0,0,1,0,0,0
"""photographed"",",0,0,0,0,1,0,0,0
"""pick"",",0,0,0,0,1,2,0,0
"""picking"",",0,0,0,0,1,1,0,1
"""picture"",",0,0,0,0,4,1,0,1
"""pioneers"",",0,0,0,0,1,0,0,0
"""plus.i"",",0,0,0,0,1,0,0,0
"""pokey"",",0,0,0,0,1,0,0,0
"""possessions"",",0,0,0,0,1,0,0,0
"""pratt"",",0,0,0,0,1,0,0,0
"""press"",",0,0,0,0,1,0,0,0
"""pressed"",",0,0,0,0,1,0,0,0
"""pretty"",",0,0,0,0,3,0,0,0
"""price"",",0,0,0,0,1,0,0,1
"""priceless"",",0,0,0,0,1,0,0,0
"""process"",",0,0,0,0,1,0,0,0
"""product"",",0,0,0,0,1,0,0,0
"""programs"",",0,0,0,0,1,0,0,0
"""projector"",",0,0,0,0,1,0,0,0
"""prompts"",",0,0,0,0,1,0,0,0
"""pull"",",0,0,0,0,1,0,0,0
"""pump"",",0,0,0,0,1,0,0,0
"""realize"",",0,0,0,0,1,0,0,0
"""realm"",",0,0,0,0,2,0,0,0
"""reason"",",0,0,0,0,1,3,0,0
"""recommend"",",0,0,0,0,3,5,0,0
"""recreational"",",0,0,0,0,1,0,0,0
"""redirected"",",0,0,0,0,1,0,0,0
"""referred"",",0,0,0,0,1,0,0,0
"""rehab"",",0,0,0,0,1,0,0,0
"""remedied"",",0,0,0,0,1,0,0,0
"""remember"",",0,0,0,0,1,0,0,0
"""remotely"",",0,0,0,0,1,0,0,0
"""replicate"",",0,0,0,0,1,0,0,0
"""reports"",",0,0,0,0,1,0,0,0
"""request"",",0,0,0,0,1,0,0,0
"""resolved"",",0,0,0,0,2,0,0,0
"""responding"",",0,0,0,0,1,0,0,0
"""response"",",0,0,0,0,1,0,0,0
"""responsive"",",0,0,0,0,1,0,0,0
"""responsiveness"",",0,0,0,0,1,0,0,0
"""restaurant"",",0,0,0,0,2,0,0,0
"""restaurants"",",0,0,0,0,1,0,0,0
"""restrictions"",",0,0,0,0,1,0,0,0
"""return"",",0,0,0,0,1,0,0,0
"""revolutionizes"",",0,0,0,0,2,0,0,0
"""revolutionizing"",",0,0,0,0,1,0,0,0
"""rock"",",0,0,0,0,1,0,0,0
"""run"",",0,0,0,0,1,0,0,0
"""schedules"",",0,0,0,0,1,0,0,0
"""scoured"",",0,0,0,0,1,0,0,0
"""searches"",",0,0,0,0,1,0,0,0
"""seizures"",",0,0,0,0,1,0,0,0
"""selected"",",0,0,0,0,1,0,0,0
"""selects"",",0,0,0,0,1,0,0,0
"""sense"",",0,0,0,0,1,0,0,0
"""serve"",",0,0,0,0,1,0,0,0
"""serving"",",0,0,0,0,1,0,0,0
"""severe"",",0,0,0,0,2,0,0,0
"""significant"",",0,0,0,0,2,0,0,0
"""slightly"",",0,0,0,0,1,1,0,0
"""slow"",",0,0,0,0,1,1,0,0
"""slp"",",0,0,0,0,2,0,0,0
"""son"",",0,0,0,0,4,7,0,1
"""sound"",",0,0,0,0,3,0,0,1
"""sounds"",",0,0,0,0,1,0,0,0
"""space"",",0,0,0,0,1,0,0,0
"""specialist"",",0,0,0,0,1,0,0,0
"""square"",",0,0,0,0,1,0,0,0
"""staff"",",0,0,0,0,3,0,1,0
"""stage"",",0,0,0,0,1,0,0,0
"""start"",",0,0,0,0,1,2,0,0
"""starts"",",0,0,0,0,1,0,0,0
"""stolen"",",0,0,0,0,1,0,0,0
"""straight"",",0,0,0,0,1,0,0,0
"""struggle"",",0,0,0,0,1,0,0,0
"""student"",",0,0,0,0,8,1,2,0
"""student's"",",0,0,0,0,1,0,0,0
"""students"",",0,0,0,0,16,0,11,3
"""stuff"",",0,0,0,0,1,0,0,0
"""stumbled"",",0,0,0,0,1,0,0,0
"""subjects"",",0,0,0,0,1,0,0,0
"""successfully"",",0,0,0,0,1,0,0,0
"""swiftly"",",0,0,0,0,2,0,0,0
"""symbolix"",",0,0,0,0,1,0,0,0
"""synced"",",0,0,0,0,1,0,0,0
"""synchronized"",",0,0,0,0,1,0,0,0
"""synth"",",0,0,0,0,1,0,0,0
"""systems"",",0,0,0,0,1,0,0,0
"""tap"",",0,0,0,0,1,0,0,0
"""teach"",",0,0,0,0,1,0,0,0
"""teacher"",",0,0,0,0,2,0,0,1
"""technical"",",0,0,0,0,1,0,0,0
"""testing"",",0,0,0,0,1,0,0,0
"""therapist"",",0,0,0,0,3,1,0,0
"""thousands"",",0,0,0,0,1,0,0,0
"""thrilled"",",0,0,0,0,1,0,0,0
"""throwing"",",0,0,0,0,1,0,0,0
"""times"",",0,0,0,0,1,0,1,0
"""tiny"",",0,0,0,0,1,0,0,0
"""tools"",",0,0,0,0,6,1,0,0
"""totally"",",0,0,0,0,1,1,0,0
"""trained"",",0,0,0,0,1,0,0,0
"""training"",",0,0,0,0,2,0,1,0
"""tricky"",",0,0,0,0,1,0,0,0
"""true"",",0,0,0,0,1,0,0,0
"""tutorials"",",0,0,0,0,2,0,0,0
"""typed"",",0,0,0,0,1,1,0,0
"""unable"",",0,0,0,0,1,0,0,2
"""units"",",0,0,0,0,1,0,0,0
"""update"",",0,0,0,0,2,1,0,3
"""updates"",",0,0,0,0,1,0,1,0
"""usable"",",0,0,0,0,1,0,0,0
"""username"",",0,0,0,0,1,0,0,0
"""visually"",",0,0,0,0,1,0,0,0
"""vjs"",",0,0,0,0,1,0,0,0
"""voila"",",0,0,0,0,1,0,0,0
"""watched"",",0,0,0,0,1,0,0,0
"""websites"",",0,0,0,0,1,0,0,0
"""weed"",",0,0,0,0,1,0,0,0
"""weekend"",",0,0,0,0,1,0,0,0
"""white"",",0,0,0,0,1,1,0,0
"""wink"",",0,0,0,0,1,0,0,0
"""wonderful"",",0,0,0,0,4,0,0,0
"""workarounds"",",0,0,0,0,1,0,0,0
"""worth"",",0,0,0,0,1,1,0,0
"""wow"",",0,0,0,0,1,0,0,0
"""yogurt"",",0,0,0,0,1,0,0,0
"c(""classroom"",",0,0,0,0,1,0,0,0
"""1,000"",",0,0,0,0,0,1,0,0
"""14"",",0,0,0,0,0,1,0,0
"""6x8"",",0,0,0,0,0,1,0,0
"""7,000"",",0,0,0,0,0,1,0,0
"""activity"",",0,0,0,0,0,1,0,0
"""address"",",0,0,0,0,0,1,0,0
"""adulthood"",",0,0,0,0,0,1,0,0
"""adults"",",0,0,0,0,0,1,1,0
"""alphas"",",0,0,0,0,0,1,0,0
"""amount"",",0,0,0,0,0,1,1,0
"""amplified"",",0,0,0,0,0,1,0,0
"""appears"",",0,0,0,0,0,1,0,0
"""assist"",",0,0,0,0,0,1,0,0
"""authentic"",",0,0,0,0,0,1,0,0
"""autistic"",",0,0,0,0,0,7,1,0
"""avail"",",0,0,0,0,0,1,0,0
"""avenues"",",0,0,0,0,0,1,0,0
"""awesome"",",0,0,0,0,0,2,0,0
"""becuase"",",0,0,0,0,0,1,0,0
"""behavior"",",0,0,0,0,0,3,0,0
"""beverage"",",0,0,0,0,0,1,0,0
"""birthday"",",0,0,0,0,0,1,0,0
"""blind"",",0,0,0,0,0,1,0,0
"""brothers"",",0,0,0,0,0,1,0,0
"""changer"",",0,0,0,0,0,1,0,0
"""characteristics"",",0,0,0,0,0,1,0,0
"""circumstances"",",0,0,0,0,0,1,0,0
"""closes"",",0,0,0,0,0,1,0,0
"""cognitively"",",0,0,0,0,0,1,0,0
"""college"",",0,0,0,0,0,1,1,0
"""compared"",",0,0,0,0,0,1,0,0
"""complex"",",0,0,0,0,0,1,1,0
"""constructing"",",0,0,0,0,0,1,0,0
"""converted"",",0,0,0,0,0,1,0,0
"""courage"",",0,0,0,0,0,1,0,0
"""cover"",",0,0,0,0,0,1,0,0
"""crazy"",",0,0,0,0,0,1,0,0
"""criticism"",",0,0,0,0,0,1,0,0
"""crucial"",",0,0,0,0,0,1,0,0
"""dark"",",0,0,0,0,0,1,0,0
"""deaf"",",0,0,0,0,0,1,0,0
"""decided"",",0,0,0,0,0,1,0,0
"""degree"",",0,0,0,0,0,2,0,0
"""delay"",",0,0,0,0,0,1,0,0
"""delight"",",0,0,0,0,0,1,0,0
"""developer"",",0,0,0,0,0,1,0,0
"""device’s"",",0,0,0,0,0,1,0,1
"""dialect"",",0,0,0,0,0,1,0,0
"""dimmer"",",0,0,0,0,0,1,0,0
"""disability"",",0,0,0,0,0,1,0,0
"""disabled"",",0,0,0,0,0,3,0,0
"""discord"",",0,0,0,0,0,1,0,0
"""dismay"",",0,0,0,0,0,1,0,0
"""doesn’t"",",0,0,0,0,0,1,0,0
"""don’t"",",0,0,0,0,0,1,0,0
"""double"",",0,0,0,0,0,1,0,0
"""drill"",",0,0,0,0,0,1,0,0
"""drives"",",0,0,0,0,0,1,0,0
"""essentially"",",0,0,0,0,0,1,0,0
"""eventually"",",0,0,0,0,0,1,0,0
"""exacerbates"",",0,0,0,0,0,1,0,0
"""exact"",",0,0,0,0,0,1,0,0
"""exists"",",0,0,0,0,0,1,0,0
"""expansive"",",0,0,0,0,0,1,0,0
"""fairly"",",0,0,0,0,0,1,0,0
"""feel"",",0,0,0,0,0,1,0,0
"""figured"",",0,0,0,0,0,1,0,0
"""folders"",",0,0,0,0,0,1,0,0
"""food"",",0,0,0,0,0,2,0,2
"""forced"",",0,0,0,0,0,1,1,0
"""freedom"",",0,0,0,0,0,2,0,0
"""freely"",",0,0,0,0,0,1,0,0
"""frequently"",",0,0,0,0,0,2,0,0
"""frustrated"",",0,0,0,0,0,1,0,0
"""frustration"",",0,0,0,0,0,1,0,1
"""girlfriend"",",0,0,0,0,0,1,0,0
"""giver"",",0,0,0,0,0,1,0,0
"""glad"",",0,0,0,0,0,1,0,0
"""granddaughter"",",0,0,0,0,0,1,0,0
"""ground"",",0,0,0,0,0,1,0,0
"""grown"",",0,0,0,0,0,1,0,0
"""handle"",",0,0,0,0,0,1,0,0
"""hang"",",0,0,0,0,0,1,0,0
"""happen"",",0,0,0,0,0,1,0,0
"""heading"",",0,0,0,0,0,1,0,0
"""heavy"",",0,0,0,0,0,1,0,0
"""helpful"",",0,0,0,0,0,2,1,0
"""helps"",",0,0,0,0,0,1,0,1
"""hurts"",",0,0,0,0,0,1,0,0
"""increased"",",0,0,0,0,0,2,0,0
"""independence"",",0,0,0,0,0,1,0,0
"""insurance"",",0,0,0,0,0,1,0,0
"""intermediate"",",0,0,0,0,0,1,0,0
"""interpreter"",",0,0,0,0,0,1,0,0
"""item"",",0,0,0,0,0,1,0,0
"""it’s"",",0,0,0,0,0,4,0,2
"""i’m"",",0,0,0,0,0,1,0,0
"""i’ve"",",0,0,0,0,0,3,0,0
"""kindergarten"",",0,0,0,0,0,1,0,0
"""kleinfelter"",",0,0,0,0,0,1,0,0
"""left"",",0,0,0,0,0,1,0,0
"""leisure"",",0,0,0,0,0,1,0,0
"""length"",",0,0,0,0,0,1,0,0
"""liberates"",",0,0,0,0,0,1,0,0
"""likes"",",0,0,0,0,0,1,0,0
"""listened"",",0,0,0,0,0,1,0,0
"""loaded"",",0,0,0,0,0,1,0,0
"""loose"",",0,0,0,0,0,1,0,0
"""manage"",",0,0,0,0,0,1,0,0
"""match"",",0,0,0,0,0,1,0,0
"""mild"",",0,0,0,0,0,1,0,0
"""mini"",",0,0,0,0,0,1,0,0
"""modification"",",0,0,0,0,0,1,0,0
"""modifier"",",0,0,0,0,0,1,0,0
"""modifying"",",0,0,0,0,0,1,0,0
"""months"",",0,0,0,0,0,2,0,0
"""motivating"",",0,0,0,0,0,1,0,0
"""multi"",",0,0,0,0,0,1,0,0
"""names"",",0,0,0,0,0,1,0,0
"""news"",",0,0,0,0,0,1,0,0
"""niece"",",0,0,0,0,0,1,0,0
"""notifications"",",0,0,0,0,0,1,0,0
"""paper"",",0,0,0,0,0,1,0,0
"""partially"",",0,0,0,0,0,1,0,0
"""partner"",",0,0,0,0,0,1,0,0
"""penny"")",0,0,0,0,0,1,0,0
"""phone"",",0,0,0,0,0,1,0,0
"""physically"",",0,0,0,0,0,1,0,0
"""positive"",",0,0,0,0,0,5,0,0
"""preparing"",",0,0,0,0,0,1,0,0
"""previous"",",0,0,0,0,0,1,0,0
"""prompted"",",0,0,0,0,0,1,0,0
"""pronounces"",",0,0,0,0,0,1,0,0
"""protective"",",0,0,0,0,0,2,0,0
"""prove"",",0,0,0,0,0,1,0,0
"""purchased"",",0,0,0,0,0,1,0,0
"""reading"",",0,0,0,0,0,1,1,0
"""ready"",",0,0,0,0,0,1,0,1
"""recommended"",",0,0,0,0,0,2,0,0
"""repeating"",",0,0,0,0,0,1,0,0
"""replies"",",0,0,0,0,0,1,0,0
"""researched"",",0,0,0,0,0,1,0,0
"""rest"",",0,0,0,0,0,1,0,0
"""roommates"",",0,0,0,0,0,1,0,0
"""rugged"",",0,0,0,0,0,1,0,0
"""schizophrenia"",",0,0,0,0,0,1,0,0
"""seoprate"",",0,0,0,0,0,1,0,0
"""shaping"",",0,0,0,0,0,1,0,0
"""shopping"",",0,0,0,0,0,1,0,0
"""similar"",",0,0,0,0,0,1,0,0
"""sister"",",0,0,0,0,0,1,0,0
"""situations"",",0,0,0,0,0,2,0,0
"""size"",",0,0,0,0,0,1,0,0
"""slowly"",",0,0,0,0,0,1,0,0
"""snacks"",",0,0,0,0,0,1,0,0
"""social"",",0,0,0,0,0,2,0,0
"""sons"",",0,0,0,0,0,2,0,0
"""spared"",",0,0,0,0,0,1,0,0
"""spectrum"",",0,0,0,0,0,2,0,0
"""stars"",",0,0,0,0,0,1,0,0
"""started"",",0,0,0,0,0,1,0,0
"""straps"",",0,0,0,0,0,1,0,0
"""strong"",",0,0,0,0,0,2,0,0
"""suspected"",",0,0,0,0,0,1,0,0
"""swipe"",",0,0,0,0,0,2,0,0
"""swiping"",",0,0,0,0,0,1,0,0
"""telling"",",0,0,0,0,0,1,0,0
"""therapies"",",0,0,0,0,0,1,0,0
"""tics"",",0,0,0,0,0,1,0,0
"""toddler"",",0,0,0,0,0,2,0,0
"""told"",",0,0,0,0,0,1,0,0
"""trip"",",0,0,0,0,0,1,0,0
"""trouble"",",0,0,0,0,0,1,1,0
"""types"",",0,0,0,0,0,1,0,1
"""undergo"",",0,0,0,0,0,1,0,0
"""versatile"",",0,0,0,0,0,2,0,1
"""wear"",",0,0,0,0,0,1,0,0
"""we’re"",",0,0,0,0,0,1,0,0
"""whammy"",",0,0,0,0,0,1,0,0
"""woman"",",0,0,0,0,0,2,0,0
"""worthwhile"",",0,0,0,0,0,1,0,0
"c(""speech"",",0,0,0,0,0,1,0,0
"""accessing"",",0,0,0,0,0,0,2,0
"""aloud"",",0,0,0,0,0,0,1,0
"""arrows"",",0,0,0,0,0,0,1,0
"""backspace"",",0,0,0,0,0,0,1,0
"""basic"",",0,0,0,0,0,0,2,1
"""begin"",",0,0,0,0,0,0,1,0
"""box"")",0,0,0,0,0,0,1,0
"""bridge"",",0,0,0,0,0,0,1,0
"""bulky"",",0,0,0,0,0,0,1,0
"""cancel"",",0,0,0,0,0,0,1,0
"""caption"",",0,0,0,0,0,0,3,0
"""carry"",",0,0,0,0,0,0,1,0
"""caseload"",",0,0,0,0,0,0,1,0
"""child's"",",0,0,0,0,0,0,1,0
"""circle"",",0,0,0,0,0,0,1,0
"""communicating"",",0,0,0,0,0,0,1,0
"""consideration"",",0,0,0,0,0,0,1,0
"""conversations"",",0,0,0,0,0,0,2,0
"""coordinating"",",0,0,0,0,0,0,1,0
"""crashes"",",0,0,0,0,0,0,3,0
"""customizability"",",0,0,0,0,0,0,1,0
"""degrees"",",0,0,0,0,0,0,1,0
"""engage"",",0,0,0,0,0,0,1,0
"""engaging"",",0,0,0,0,0,0,1,0
"""essential"",",0,0,0,0,0,0,1,0
"""experience"",",0,0,0,0,0,0,1,0
"""expressive"",",0,0,0,0,0,0,1,0
"""extras"",",0,0,0,0,0,0,1,0
"""extreme"",",0,0,0,0,0,0,1,0
"""facilitates"",",0,0,0,0,0,0,2,0
"""fade"",",0,0,0,0,0,0,1,0
"""fields"",",0,0,0,0,0,0,3,0
"""flow"",",0,0,0,0,0,0,1,0
"""functional"",",0,0,0,0,0,0,1,0
"""gap"",",0,0,0,0,0,0,1,0
"""glitches"",",0,0,0,0,0,0,1,1
"""handling"",",0,0,0,0,0,0,1,0
"""hit"",",0,0,0,0,0,0,1,2
"""hopeful"",",0,0,0,0,0,0,1,0
"""hopes"",",0,0,0,0,0,0,1,0
"""icloud"",",0,0,0,0,0,0,1,0
"""implement"",",0,0,0,0,0,0,1,0
"""impressed"",",0,0,0,0,0,0,1,0
"""inclusion"",",0,0,0,0,0,0,1,0
"""info"",",0,0,0,0,0,0,3,0
"""kicks"",",0,0,0,0,0,0,1,0
"""label"",",0,0,0,0,0,0,1,0
"""lose"",",0,0,0,0,0,0,1,0
"""low"",",0,0,0,0,0,0,1,0
"""muscle"",",0,0,0,0,0,0,1,0
"""muscles"",",0,0,0,0,0,0,1,0
"""netflix"",",0,0,0,0,0,0,1,0
"""palm"",",0,0,0,0,0,0,1,0
"""participation"",",0,0,0,0,0,0,1,0
"""pay"",",0,0,0,0,0,0,1,0
"""peers"",",0,0,0,0,0,0,2,0
"""personalizing"",",0,0,0,0,0,0,1,0
"""pls"",",0,0,0,0,0,0,1,0
"""practice"",",0,0,0,0,0,0,1,0
"""promised"",",0,0,0,0,0,0,1,0
"""quicker"",",0,0,0,0,0,0,1,0
"""quickest"",",0,0,0,0,0,0,1,0
"""read"",",0,0,0,0,0,0,1,0
"""recreate"",",0,0,0,0,0,0,1,0
"""relief"",",0,0,0,0,0,0,1,0
"""remove"",",0,0,0,0,0,0,1,0
"""requested"",",0,0,0,0,0,0,1,0
"""saving"",",0,0,0,0,0,0,1,0
"""sessions"",",0,0,0,0,0,0,1,0
"""skill"",",0,0,0,0,0,0,1,0
"""slp's"",",0,0,0,0,0,0,1,0
"""smiling"",",0,0,0,0,0,0,1,0
"""stay"",",0,0,0,0,0,0,1,0
"""stronger"",",0,0,0,0,0,0,1,0
"""tone"",",0,0,0,0,0,0,1,0
"""trips"",",0,0,0,0,0,0,1,0
"""varying"",",0,0,0,0,0,0,1,0
"""write"",",0,0,0,0,0,0,1,0
"c(""improvement"",",0,0,0,0,0,0,1,0
"""accidentally"",",0,0,0,0,0,0,0,1
"""addition"",",0,0,0,0,0,0,0,1
"""annoyance"",",0,0,0,0,0,0,0,1
"""assisting"",",0,0,0,0,0,0,0,1
"""blank"",",0,0,0,0,0,0,0,1
"""bottom"",",0,0,0,0,0,0,0,2
"""bring"",",0,0,0,0,0,0,0,1
"""close"",",0,0,0,0,0,0,0,1
"""compatible"",",0,0,0,0,0,0,0,1
"""complaints"",",0,0,0,0,0,0,0,1
"""corner"",",0,0,0,0,0,0,0,4
"""deal"",",0,0,0,0,0,0,0,1
"""disappointed"",",0,0,0,0,0,0,0,1
"""drastically"",",0,0,0,0,0,0,0,1
"""drawback"",",0,0,0,0,0,0,0,1
"""eat"",",0,0,0,0,0,0,0,1
"""editor"",",0,0,0,0,0,0,0,1
"""finish"",",0,0,0,0,0,0,0,1
"""fix"",",0,0,0,0,0,0,0,1
"""freezes"",",0,0,0,0,0,0,0,1
"""frustrating"",",0,0,0,0,0,0,0,1
"""helpful"")",0,0,0,0,0,0,0,1
"""icon"",",0,0,0,0,0,0,0,1
"""initiating"",",0,0,0,0,0,0,0,1
"""interrupt"",",0,0,0,0,0,0,0,2
"""jumps"",",0,0,0,0,0,0,0,2
"""lack"",",0,0,0,0,0,0,0,1
"""logo"",",0,0,0,0,0,0,0,2
"""lower"",",0,0,0,0,0,0,0,1
"""mimics"",",0,0,0,0,0,0,0,1
"""minor"",",0,0,0,0,0,0,0,1
"""move"",",0,0,0,0,0,0,0,1
"""moves"",",0,0,0,0,0,0,0,1
"""occurring"",",0,0,0,0,0,0,0,1
"""opposite"",",0,0,0,0,0,0,0,1
"""patterns"",",0,0,0,0,0,0,0,1
"""power"",",0,0,0,0,0,0,0,1
"""presses"",",0,0,0,0,0,0,0,1
"""programming"",",0,0,0,0,0,0,0,2
"""progress"",",0,0,0,0,0,0,0,1
"""reduce"",",0,0,0,0,0,0,0,1
"""relearn"",",0,0,0,0,0,0,0,1
"""relies"",",0,0,0,0,0,0,0,1
"""reviews"",",0,0,0,0,0,0,0,1
"""robust"",",0,0,0,0,0,0,0,1
"""saves"",",0,0,0,0,0,0,0,1
"""stopped"",",0,0,0,0,0,0,0,1
"""tested"",",0,0,0,0,0,0,0,1
"""top"",",0,0,0,0,0,0,0,2
"""troubleshooting"",",0,0,0,0,0,0,0,1
"c(""touchchathd"",",0,0,0,0,0,0,0,1
